id,Fleet,Fleet_name,Used,Kind,Sex,Bin,Obs,Exp,Dev,effN,Nsamp_in,Nsamp_adj
04-start-1952,1,F01_LL.JP.1,yes,LEN,1,135,0.5656694735,0.78130062,-0.2156311465,157.59477,67.0594527,6.70594527
04-start-1952,1,F01_LL.JP.1,yes,LEN,1,140,0.5583975838,0.69629039,-0.1378928062,186.73947,74.5506627,7.45506627
04-start-1952,1,F01_LL.JP.1,yes,LEN,1,145,0.7259571252,1.1249931,-0.3990359748,208.91898,81.1308877,8.11308877
04-start-1952,1,F01_LL.JP.1,yes,LEN,1,150,1.1525666433,1.469219,-0.3166523567,239.35139,93.0189977,9.30189977
04-start-1952,1,F01_LL.JP.1,yes,LEN,1,155,1.3722157839,1.3750614,-0.00284561610000011,239.35139,93.0189977,9.30189977
04-start-1952,1,F01_LL.JP.1,yes,LEN,1,160,1.6666419234,1.9848557,-0.3182137766,244.87063,96.0812577,9.60812577
04-start-1952,1,F01_LL.JP.1,yes,LEN,1,165,2.5266596328,2.6167722,-0.0901125672000007,247.75276,99.5798077,9.95798077
04-start-1952,1,F01_LL.JP.1,yes,LEN,1,170,2.6246047023,2.4224584,0.2021463023,247.75276,99.5798077,9.95798077
04-start-1952,1,F01_LL.JP.1,yes,LEN,1,175,2.6072583614,2.3489189,0.258339461400001,247.75276,99.5798077,9.95798077
04-start-1952,1,F01_LL.JP.1,yes,LEN,1,180,2.5602898014,2.8698566,-0.3095667986,247.75276,99.5798077,9.95798077
04-start-1952,1,F01_LL.JP.1,yes,LEN,1,185,2.2295110612,1.8647586,0.3647524612,235.12138,94.8416127,9.48416127
04-start-1952,1,F01_LL.JP.1,yes,LEN,1,190,1.6628113317,1.7909013,-0.1280899683,219.33972,90.5190037,9.05190037
04-start-1952,1,F01_LL.JP.1,yes,LEN,1,195,0.7534315523,1.4675002,-0.7140686477,190.21701,74.1608637,7.41608637
04-start-1952,1,F01_LL.JP.1,yes,LEN,1,200,0.1579050232,0.6649762,-0.5070711768,140.44652,58.7830937,5.87830937
04-start-1952,1,F01_LL.JP.1,yes,LEN,1,205,0.2713635724,0.4497427,-0.1783791276,134.92728,55.7208337,5.57208337
04-start-1952,1,F01_LL.JP.1,yes,LEN,1,210,0.275271442,0.3304606,-0.055189158,106.91298,42.1730737,4.21730737
04-start-1952,1,F01_LL.JP.1,yes,LEN,1,215,0.1546349113,0.0864351,0.0681998113,51.16549,18.3410237,1.83410237
04-start-1952,1,F01_LL.JP.1,yes,LEN,1,220,0.029558391,0.01528508,0.014273311,11.40524,0.7086037,0.07086037
04-start-1952,1,F01_LL.JP.1,yes,LEN,1,80,0.2425408,0.000750766,0.241790034,14.66468,4.679543,0.4679543
04-start-1952,1,F01_LL.JP.1,yes,LEN,1,85,0.1182611814,0.0018277122,0.1164334692,39.36788,14.629673,1.4629673
04-start-1952,1,F01_LL.JP.1,yes,LEN,1,90,0.4280584217,0.0046226335,0.4234357882,39.36788,14.629673,1.4629673
04-start-1952,1,F01_LL.JP.1,yes,LEN,1,95,0.2910597217,0.010263216,0.2807965057,49.06987,20.745003,2.0745003
04-start-1952,1,F01_LL.JP.1,yes,LEN,1,100,0.3446633217,0.029096835,0.3155664867,59.35777,24.191953,2.4191953
04-start-1952,1,F01_LL.JP.1,yes,LEN,1,105,0.2656241116,0.037389729,0.2282343826,72.77627,27.119013,2.7119013
04-start-1952,1,F01_LL.JP.1,yes,LEN,1,110,0.4102264121,0.077220292,0.3330061201,77.96767,31.352903,3.1352903
04-start-1952,1,F01_LL.JP.1,yes,LEN,1,115,0.2109463839,0.06774567,0.1432007139,77.96767,31.352903,3.1352903
04-start-1952,1,F01_LL.JP.1,yes,LEN,1,120,0.2625681929,0.08260885,0.1799593429,77.96767,31.352903,3.1352903
04-start-1952,1,F01_LL.JP.1,yes,LEN,1,125,0.0473885735,0.09869865,-0.0513100765,77.96767,31.352903,3.1352903
04-start-1952,1,F01_LL.JP.1,yes,LEN,1,130,0.3840241726,0.22672548,0.1572986926,88.84247,42.747903,4.2747903
04-start-1952,1,F01_LL.JP.1,yes,LEN,1,225,9.9691e-05,0.00214216,-0.002042469,5.13382,0.691114,0.0691114
04-start-1952,1,F01_LL.JP.1,yes,LEN,1,230,0.0997906,0.00112127,0.09866933,5.13382,0.691114,0.0691114
04-start-1952,2,F02_LL.JP.2,yes,LEN,1,110,0.0995799519,0.0004987921,0.0990811598,145.94879,141.54922,11.795761
04-start-1952,2,F02_LL.JP.2,yes,LEN,1,115,0.0756945917,0.0005985867,0.075096005,196.55909,192.67072,16.055881
04-start-1952,2,F02_LL.JP.2,yes,LEN,1,120,0.2245105324,0.0008981957,0.2236123367,289.58899,355.71611,29.642995
04-start-1952,2,F02_LL.JP.2,yes,LEN,1,125,0.1608683232,0.0009997859,0.1598685373,300.37629,366.92361,30.576953
04-start-1952,2,F02_LL.JP.2,yes,LEN,1,130,0.1179085227,0.0010087603,0.1168997624,300.37629,366.92361,30.576953
04-start-1952,2,F02_LL.JP.2,yes,LEN,1,135,0.0465846974,0.001049856,0.0455348414,300.37629,366.92361,30.576953
04-start-1952,2,F02_LL.JP.2,yes,LEN,1,140,0.0646625233,0.001222156,0.0634403673,300.37629,366.92361,30.576953
04-start-1952,2,F02_LL.JP.2,yes,LEN,1,145,0.070438903,0.001946739,0.068492164,300.37629,366.92361,30.576953
04-start-1952,2,F02_LL.JP.2,yes,LEN,1,150,0.1531061033,0.00593532,0.1471707833,314.48149,368.66657,30.7222
04-start-1952,2,F02_LL.JP.2,yes,LEN,1,155,0.0898180637,0.02253658,0.0672814837,339.05309,413.19927,34.43326
04-start-1952,2,F02_LL.JP.2,yes,LEN,1,160,0.3401890915,0.08468695,0.2555021415,349.14829,415.21961,34.601622
04-start-1952,2,F02_LL.JP.2,yes,LEN,1,165,0.4807229113,0.24091538,0.2398075313,349.14829,415.21961,34.601622
04-start-1952,2,F02_LL.JP.2,yes,LEN,1,170,1.1028035407,0.810662,0.2921415407,389.18955,431.66328,35.971927
04-start-1952,2,F02_LL.JP.2,yes,LEN,1,175,1.1839227407,1.214409,-0.0304862592999999,389.18955,431.66328,35.971927
04-start-1952,2,F02_LL.JP.2,yes,LEN,1,180,2.4498662702,1.7588606,0.6910056702,389.18955,431.66328,35.971927
04-start-1952,2,F02_LL.JP.2,yes,LEN,1,185,2.8234769,2.209005,0.6144719,389.18955,431.66328,35.971927
04-start-1952,2,F02_LL.JP.2,yes,LEN,1,190,2.2872493,2.426565,-0.139315699999999,389.18955,431.66328,35.971927
04-start-1952,2,F02_LL.JP.2,yes,LEN,1,195,1.4071868208,2.262698,-0.8555111792,389.18955,431.66328,35.971927
04-start-1952,2,F02_LL.JP.2,yes,LEN,1,200,1.1287706409,2.412508,-1.2837373591,389.18955,431.66328,35.971927
04-start-1952,2,F02_LL.JP.2,yes,LEN,1,205,0.6254502615,1.1938968,-0.5684465385,356.96125,412.56176,34.380134
04-start-1952,2,F02_LL.JP.2,yes,LEN,1,210,0.4869676705,0.8574575,-0.3704898295,333.30915,409.17425,34.097842
04-start-1952,2,F02_LL.JP.2,yes,LEN,1,215,0.1860323712,0.3462493,-0.1602169288,295.72706,397.71365,33.142792
04-start-1952,2,F02_LL.JP.2,yes,LEN,1,220,0.1088792801,0.1166496,-0.00777031989999999,200.46916,233.67137,19.472604
04-start-1952,2,F02_LL.JP.2,yes,LEN,1,225,0.1540895506,0.02510148,0.1289880706,97.86246,160.35518,13.36293
04-start-1952,2,F02_LL.JP.2,yes,LEN,1,230,0.0168117,0.00264299,0.01416871,68.2475,108.64,9.05333
04-start-1952,2,F02_LL.JP.2,yes,LEN,1,95,0.0176978407,0.0001994837,0.017498357,32.83779,20.22892,1.68574
04-start-1952,2,F02_LL.JP.2,yes,LEN,1,100,0.0194858814,0.0002992612,0.0191866202,50.08759,25.10084,2.091733
04-start-1952,2,F02_LL.JP.2,yes,LEN,1,105,0.0002992519,0.0002992561,-4.20000000002276e-09,50.08759,25.10084,2.091733
04-start-1952,2,F02_LL.JP.2,yes,LEN,1,85,0.0768235,9.97424e-05,0.0767237576,6.22709,4.84572,0.40381
04-start-1952,2,F02_LL.JP.2,yes,LEN,1,90,9.97407e-05,9.97424e-05,-1.69999999999695e-09,6.22709,4.84572,0.40381
04-start-1952,3,F03_LL.JP.3,yes,LEN,1,150,0.2619736733,0.046153252,0.2158204213,270.99372,235.0157,23.50157
04-start-1952,3,F03_LL.JP.3,yes,LEN,1,155,0.1016467435,0.1064612,-0.00481445649999999,299.92232,246.6102,24.66102
04-start-1952,3,F03_LL.JP.3,yes,LEN,1,160,0.4021734015,0.2751453,0.1270281015,319.64762,279.0613,27.90613
04-start-1952,3,F03_LL.JP.3,yes,LEN,1,165,0.6382521629,0.5243698,0.1138823629,342.71992,285.37399,28.537399
04-start-1952,3,F03_LL.JP.3,yes,LEN,1,170,1.1300885506,1.0860423,0.0440462506000001,362.38301,291.19186,29.119186
04-start-1952,3,F03_LL.JP.3,yes,LEN,1,175,1.0708283504,1.5497917,-0.4789633496,371.14399,293.554,29.3554
04-start-1952,3,F03_LL.JP.3,yes,LEN,1,180,2.0293335107,3.0033712,-0.9740376893,387.86139,306.64002,30.664002
04-start-1952,3,F03_LL.JP.3,yes,LEN,1,185,2.6420956001,3.216015,-0.5739193999,393.4359,309.90665,30.990665
04-start-1952,3,F03_LL.JP.3,yes,LEN,1,190,3.2405472002,3.642824,-0.402276799800001,396.07096,313.42835,31.342835
04-start-1952,3,F03_LL.JP.3,yes,LEN,1,195,2.8063412403,3.106971,-0.3006297597,396.07096,313.42835,31.342835
04-start-1952,3,F03_LL.JP.3,yes,LEN,1,200,2.3776542108,2.5755361,-0.1978818892,396.07096,313.42835,31.342835
04-start-1952,3,F03_LL.JP.3,yes,LEN,1,205,1.6340529807,1.8418258,-0.2077728193,389.7322,307.85817,30.785817
04-start-1952,3,F03_LL.JP.3,yes,LEN,1,120,0.0215308525,0.0004058639,0.0211249886,113.2852,114.13841,11.413841
04-start-1952,3,F03_LL.JP.3,yes,LEN,1,125,0.0374469832,0.000546429,0.0369005542,128.3017,121.59494,12.159494
04-start-1952,3,F03_LL.JP.3,yes,LEN,1,130,0.0004986438,0.000614504,-0.0001158602,128.3017,121.59494,12.159494
04-start-1952,3,F03_LL.JP.3,yes,LEN,1,135,0.0077949227,0.00082749,0.0069674327,128.3017,121.59494,12.159494
04-start-1952,3,F03_LL.JP.3,yes,LEN,1,140,0.0778866021,0.002059769,0.0758268331,143.1932,127.41939,12.741939
04-start-1952,3,F03_LL.JP.3,yes,LEN,1,145,0.1213681231,0.008669628,0.1126984951,167.73386,146.52692,14.652692
04-start-1952,3,F03_LL.JP.3,yes,LEN,1,210,1.7057103708,1.1160551,0.5896552708,350.1426,281.00757,28.100757
04-start-1952,3,F03_LL.JP.3,yes,LEN,1,215,1.1277379622,0.5743159,0.5534220622,313.09922,267.92269,26.792269
04-start-1952,3,F03_LL.JP.3,yes,LEN,1,220,0.8523702404,0.2514548,0.6009154404,276.32188,229.50192,22.950192
04-start-1952,3,F03_LL.JP.3,yes,LEN,1,225,0.229254363,0.05040668,0.178847683,199.34861,163.74584,16.374584
04-start-1952,3,F03_LL.JP.3,yes,LEN,1,230,0.1896826004,0.01361735,0.1760652504,141.0172,134.71558,13.471558
04-start-1952,3,F03_LL.JP.3,yes,LEN,1,235,0.1025047606,0.003072836,0.0994319246,93.7646,109.73118,10.973118
04-start-1952,3,F03_LL.JP.3,yes,LEN,1,240,0.0590636904,0.00077961,0.0582840804,78.8731,103.90673,10.390673
04-start-1952,3,F03_LL.JP.3,yes,LEN,1,245,0.0074715704,0.000258614,0.0072129564,63.8566,96.4502,9.64502
04-start-1952,3,F03_LL.JP.3,yes,LEN,1,250,0.0559987,0.000211398,0.055787302,63.8566,96.4502,9.64502
04-start-1952,3,F03_LL.JP.3,yes,LEN,1,80,0.0176889711,0.0001993625,0.0174896086,50.208,60.3899,6.03899
04-start-1952,3,F03_LL.JP.3,yes,LEN,1,85,0.0001993621,0.0001993629,-8.00000000001754e-10,50.208,60.3899,6.03899
04-start-1952,3,F03_LL.JP.3,yes,LEN,1,90,0.0001993621,0.0001993635,-1.39999999998952e-09,50.208,60.3899,6.03899
04-start-1952,3,F03_LL.JP.3,yes,LEN,1,95,0.0001993621,0.0001993651,-2.99999999999303e-09,50.208,60.3899,6.03899
04-start-1952,3,F03_LL.JP.3,yes,LEN,1,100,0.0001993621,0.0001993736,-1.15000000000184e-08,50.208,60.3899,6.03899
04-start-1952,3,F03_LL.JP.3,yes,LEN,1,105,0.0001993621,0.000199421,-5.89000000000004e-08,50.208,60.3899,6.03899
04-start-1952,3,F03_LL.JP.3,yes,LEN,1,110,0.0347096621,0.0002994656,0.0344101965,71.2814,64.18821,6.418821
04-start-1952,3,F03_LL.JP.3,yes,LEN,1,115,0.0002991525,0.0003005766,-1.42409999999996e-06,71.2814,64.18821,6.418821
04-start-1952,3,F03_LL.JP.3,yes,LEN,1,60,0.0146922,9.96711e-05,0.0145925289,31.884,47,4.7
04-start-1952,3,F03_LL.JP.3,yes,LEN,1,65,9.96711e-05,9.96711e-05,0,31.884,47,4.7
04-start-1952,3,F03_LL.JP.3,yes,LEN,1,70,9.96711e-05,9.96711e-05,0,31.884,47,4.7
04-start-1952,3,F03_LL.JP.3,yes,LEN,1,75,9.96711e-05,9.96712e-05,-1.00000000006996e-10,31.884,47,4.7
04-start-1952,5,F05_LL.TW.4,yes,LEN,1,120,0.1832969618,0.179658314,0.00363864780000003,200.06799,95.127137,9.5127137
04-start-1952,5,F05_LL.TW.4,yes,LEN,1,125,0.1765030529,0.177864943,-0.00136189010000001,212.93129,100.565407,10.0565407
04-start-1952,5,F05_LL.TW.4,yes,LEN,1,130,0.1857569337,0.175198551,0.0105583827,212.93129,100.565407,10.0565407
04-start-1952,5,F05_LL.TW.4,yes,LEN,1,135,0.390516213,0.31172682,0.078789393,224.41799,103.484037,10.3484037
04-start-1952,5,F05_LL.TW.4,yes,LEN,1,140,0.1679879537,0.2094137,-0.0414257463,224.41799,103.484037,10.3484037
04-start-1952,5,F05_LL.TW.4,yes,LEN,1,145,0.2383778531,0.24104316,-0.0026653069,224.41799,103.484037,10.3484037
04-start-1952,5,F05_LL.TW.4,yes,LEN,1,150,0.4044531034,0.5735998,-0.1691466966,271.88569,106.951927,10.6951927
04-start-1952,5,F05_LL.TW.4,yes,LEN,1,155,0.7068341732,1.0843591,-0.3775249268,315.36552,122.463067,12.2463067
04-start-1952,5,F05_LL.TW.4,yes,LEN,1,160,0.6351043332,1.0840651,-0.4489607668,315.36552,122.463067,12.2463067
04-start-1952,5,F05_LL.TW.4,yes,LEN,1,165,1.4288749102,1.7555791,-0.3267041898,329.21192,123.583867,12.3583867
04-start-1952,5,F05_LL.TW.4,yes,LEN,1,170,1.6256894615,1.8222368,-0.196547338500001,329.21192,123.583867,12.3583867
04-start-1952,5,F05_LL.TW.4,yes,LEN,1,175,1.9269910621,2.4010344,-0.4740433379,330.91239,125.335637,12.5335637
04-start-1952,5,F05_LL.TW.4,yes,LEN,1,180,1.7408372622,1.7700327,-0.0291954377999997,330.91239,125.335637,12.5335637
04-start-1952,5,F05_LL.TW.4,yes,LEN,1,185,2.3909153711,2.1693482,0.2215671711,330.91239,125.335637,12.5335637
04-start-1952,5,F05_LL.TW.4,yes,LEN,1,190,0.954984462,0.8212175,0.133766962,300.47141,107.25924,10.725924
04-start-1952,5,F05_LL.TW.4,yes,LEN,1,195,0.639652884,0.6986437,-0.058990816,300.47141,107.25924,10.725924
04-start-1952,5,F05_LL.TW.4,yes,LEN,1,200,1.0764629411,0.6691717,0.4072912411,291.66688,105.65494,10.565494
04-start-1952,5,F05_LL.TW.4,yes,LEN,1,205,0.3445104624,0.3554457,-0.0109352376,244.19918,102.18705,10.218705
04-start-1952,5,F05_LL.TW.4,yes,LEN,1,210,0.4881305533,0.25753039,0.2306001633,174.58448,61.96675,6.196675
04-start-1952,5,F05_LL.TW.4,yes,LEN,1,215,0.2371958629,0.09823118,0.1389646829,120.12948,42.06235,4.206235
04-start-1952,5,F05_LL.TW.4,yes,LEN,1,220,0.1561534533,0.05622982,0.0999236333,120.12948,42.06235,4.206235
04-start-1952,5,F05_LL.TW.4,yes,LEN,1,225,0.1563563821,0.02076171,0.1355946721,118.42901,40.31058,4.031058
04-start-1952,5,F05_LL.TW.4,yes,LEN,1,230,0.0054402237,0.006806879,-0.0013666553,87.60281,27.7313,2.77313
04-start-1952,5,F05_LL.TW.4,yes,LEN,1,235,0.2476114217,0.002496979,0.2451144427,87.60281,27.7313,2.77313
04-start-1952,5,F05_LL.TW.4,yes,LEN,1,240,0.0447115531,0.001078472,0.0436330811,87.60281,27.7313,2.77313
04-start-1952,5,F05_LL.TW.4,yes,LEN,1,245,0.1175823621,0.000378161,0.1172042011,43.06821,5.98327,0.598327
04-start-1952,5,F05_LL.TW.4,yes,LEN,1,250,0.0001993621,0.000208644,-9.28190000000002e-06,34.51392,4.7685,0.47685
04-start-1952,5,F05_LL.TW.4,yes,LEN,1,255,0.051578991,0.000200896,0.051378095,34.51392,4.7685,0.47685
04-start-1952,5,F05_LL.TW.4,yes,LEN,1,260,9.9691e-05,9.97537e-05,-6.26999999999952e-08,28.21,1.30775,0.130775
04-start-1952,5,F05_LL.TW.4,yes,LEN,1,265,9.9691e-05,9.96974e-05,-6.40000000000048e-09,28.21,1.30775,0.130775
04-start-1952,5,F05_LL.TW.4,yes,LEN,1,270,0.0416376,9.96915e-05,0.0415379085,28.21,1.30775,0.130775
04-start-1952,5,F05_LL.TW.4,yes,LEN,1,95,0.1174084,0.002464972,0.114943428,14.85821,4.67552,0.467552
04-start-1952,5,F05_LL.TW.4,yes,LEN,1,100,0.0770840621,0.00312813,0.0739559321,26.50051,5.228187,0.5228187
04-start-1952,5,F05_LL.TW.4,yes,LEN,1,105,0.0002991824,0.00516839,-0.0048692076,26.50051,5.228187,0.5228187
04-start-1952,5,F05_LL.TW.4,yes,LEN,1,110,0.0224881824,0.01767758,0.0048106024,67.10911,24.011787,2.4011787
04-start-1952,5,F05_LL.TW.4,yes,LEN,1,115,0.0181714728,0.027699308,-0.0095278352,74.42109,38.616887,3.8616887
04-start-1952,6,F06_LL.AU.2,yes,LEN,1,105,0.073879984,0.0007977121,0.0730822719,221.59839,321.9173,17.884309
04-start-1952,6,F06_LL.AU.2,yes,LEN,1,110,0.0737219137,0.0008976773,0.0728242364,231.43406,363.7833,20.210199
04-start-1952,6,F06_LL.AU.2,yes,LEN,1,115,0.091576035,0.0009991285,0.0905769065,248.26146,368.15133,20.452868
04-start-1952,6,F06_LL.AU.2,yes,LEN,1,120,0.265013625,0.0013143895,0.2636992355,284.31433,478.35413,26.575258
04-start-1952,6,F06_LL.AU.2,yes,LEN,1,125,0.248550929,0.0017351413,0.2468157877,368.52753,640.93453,35.607508
04-start-1952,6,F06_LL.AU.2,yes,LEN,1,130,0.2208988501,0.002560545,0.2183383051,510.58123,748.59153,41.588461
04-start-1952,6,F06_LL.AU.2,yes,LEN,1,135,0.1867886722,0.004816241,0.1819724312,567.15393,809.23663,44.957641
04-start-1952,6,F06_LL.AU.2,yes,LEN,1,140,0.3606568671,0.010801061,0.3498558061,567.15393,809.23663,44.957641
04-start-1952,6,F06_LL.AU.2,yes,LEN,1,145,0.2341480324,0.035486747,0.1986612854,618.85183,889.90869,49.439428
04-start-1952,6,F06_LL.AU.2,yes,LEN,1,150,0.2138274635,0.10741803,0.1064094335,659.82661,939.14149,52.174584
04-start-1952,6,F06_LL.AU.2,yes,LEN,1,155,0.4327605885,0.34599023,0.0867703584999999,704.49621,1051.15509,58.397562
04-start-1952,6,F06_LL.AU.2,yes,LEN,1,160,0.6700550103,0.9407164,-0.2706613897,792.70592,1070.042931,59.446887
04-start-1952,6,F06_LL.AU.2,yes,LEN,1,165,1.2255012465,2.050576,-0.825074753499999,836.05852,1121.205531,62.289261
04-start-1952,6,F06_LL.AU.2,yes,LEN,1,170,2.4210174615,3.793545,-1.3725275385,883.51566,1236.046431,68.669317
04-start-1952,6,F06_LL.AU.2,yes,LEN,1,175,3.532104442,5.8969886,-2.364884158,923.30396,1290.26521,71.6814695
04-start-1952,6,F06_LL.AU.2,yes,LEN,1,180,3.5638383708,6.291532,-2.7276936292,923.30396,1290.26521,71.6814695
04-start-1952,6,F06_LL.AU.2,yes,LEN,1,185,5.4073971105,6.407001,-0.999603889499999,923.30396,1290.26521,71.6814695
04-start-1952,6,F06_LL.AU.2,yes,LEN,1,190,5.3512533303,5.818281,-0.4670276697,923.30396,1290.26521,71.6814695
04-start-1952,6,F06_LL.AU.2,yes,LEN,1,195,5.8673214109,3.9884974,1.8788240109,914.86907,1280.45961,71.1367135
04-start-1952,6,F06_LL.AU.2,yes,LEN,1,200,3.990200252,2.88525,1.104950252,914.86907,1280.45961,71.1367135
04-start-1952,6,F06_LL.AU.2,yes,LEN,1,205,2.6620313813,1.6609545,1.0010768813,833.44952,1205.57501,66.9764545
04-start-1952,6,F06_LL.AU.2,yes,LEN,1,210,1.5234056431,0.9145471,0.608858543100001,789.88552,1143.31161,63.5173735
04-start-1952,6,F06_LL.AU.2,yes,LEN,1,215,1.4704605835,0.50202889,0.9684316935,705.24072,1091.02728,60.6126885
04-start-1952,6,F06_LL.AU.2,yes,LEN,1,100,0.1771860341,0.0005981447,0.1765878894,156.38829,267.3143,14.850809
04-start-1952,6,F06_LL.AU.2,yes,LEN,1,220,0.6588133272,0.2322218,0.4265915272,644.7401,1036.248301,57.569409
04-start-1952,6,F06_LL.AU.2,yes,LEN,1,40,0.0182201016,0.0001991041,0.0180209975,59.7828,99.337,5.51873
04-start-1952,6,F06_LL.AU.2,yes,LEN,1,45,0.0001991041,0.0001991041,0,59.7828,99.337,5.51873
04-start-1952,6,F06_LL.AU.2,yes,LEN,1,50,0.0001991041,0.0001991041,0,59.7828,99.337,5.51873
04-start-1952,6,F06_LL.AU.2,yes,LEN,1,55,0.0001991041,0.0001991041,0,59.7828,99.337,5.51873
04-start-1952,6,F06_LL.AU.2,yes,LEN,1,60,0.0001991041,0.0001991041,0,59.7828,99.337,5.51873
04-start-1952,6,F06_LL.AU.2,yes,LEN,1,65,0.0001991041,0.0001991041,0,59.7828,99.337,5.51873
04-start-1952,6,F06_LL.AU.2,yes,LEN,1,70,0.0001991041,0.0001991041,0,59.7828,99.337,5.51873
04-start-1952,6,F06_LL.AU.2,yes,LEN,1,75,0.0223328025,0.0001991042,0.0221336983,59.7828,99.337,5.51873
04-start-1952,6,F06_LL.AU.2,yes,LEN,1,80,0.0001991041,0.0001991043,-2.00000000013991e-10,59.7828,99.337,5.51873
04-start-1952,6,F06_LL.AU.2,yes,LEN,1,85,0.0206301041,0.0002988254,0.0203312787,71.2041,172.4634,9.58131
04-start-1952,6,F06_LL.AU.2,yes,LEN,1,90,0.0002988249,0.0002988258,-8.99999999981645e-10,71.2041,172.4634,9.58131
04-start-1952,6,F06_LL.AU.2,yes,LEN,1,95,0.0118595249,0.000398537,0.0114609879,121.9701,246.2385,13.67993
04-start-1952,6,F06_LL.AU.2,yes,LEN,1,225,0.4723003355,0.07247254,0.3998277955,409.80449,775.1692,43.064995
04-start-1952,6,F06_LL.AU.2,yes,LEN,1,230,0.1877736769,0.020712362,0.1670613149,251.57289,597.2904,33.182831
04-start-1952,6,F06_LL.AU.2,yes,LEN,1,235,0.1543130311,0.005121772,0.1491912591,192.62747,432.0087,24.000508
04-start-1952,6,F06_LL.AU.2,yes,LEN,1,240,0.0132601246,0.000960487,0.0122996376,92.5584,240.2672,13.348188
04-start-1952,6,F06_LL.AU.2,yes,LEN,1,245,0.0003987246,0.000476369,-7.76444e-05,74.6833,158.9351,8.829738
04-start-1952,6,F06_LL.AU.2,yes,LEN,1,250,0.0771681242,0.000413517,0.0767546072,74.6833,158.9351,8.829738
04-start-1952,6,F06_LL.AU.2,yes,LEN,1,255,0.0341374935,0.0003006432,0.0338368503,63.2543,148.6863,8.26036
04-start-1952,6,F06_LL.AU.2,yes,LEN,1,260,0.0001991935,0.0001993197,-1.26199999999965e-07,47.1965,100.0673,5.5593
04-start-1952,6,F06_LL.AU.2,yes,LEN,1,265,0.0001991935,0.0001992063,-1.27999999999739e-08,47.1965,100.0673,5.5593
04-start-1952,6,F06_LL.AU.2,yes,LEN,1,270,0.0001991935,0.0001991946,-1.09999999999564e-09,47.1965,100.0673,5.5593
04-start-1952,6,F06_LL.AU.2,yes,LEN,1,275,0.0223527025,0.0001991935,0.022153509,47.1965,100.0673,5.5593
04-start-1952,6,F06_LL.AU.2,yes,LEN,1,280,9.95025e-05,9.95025e-05,0,18.126,63.5057,3.5281
04-start-1952,6,F06_LL.AU.2,yes,LEN,1,285,0.0181205,9.95025e-05,0.0180209975,18.126,63.5057,3.5281
04-start-1952,6,F06_LL.AU.2,yes,LEN,1,30,0.0222333,9.96016e-05,0.0221336984,41.6568,35.8313,1.99063
04-start-1952,6,F06_LL.AU.2,yes,LEN,1,35,9.96016e-05,9.96016e-05,0,41.6568,35.8313,1.99063
04-start-1952,7,F07_LL.AU.3,yes,LEN,1,120,0.3265938465,0.0013725292,0.3252213173,278.69935,504.7418,50.47418
04-start-1952,7,F07_LL.AU.3,yes,LEN,1,125,0.3431713165,0.001767768,0.3414035485,303.68945,529.97816,52.997816
04-start-1952,7,F07_LL.AU.3,yes,LEN,1,130,0.2971350265,0.002338376,0.2947966505,303.68945,529.97816,52.997816
04-start-1952,7,F07_LL.AU.3,yes,LEN,1,135,0.1428513771,0.00427066,0.1385807171,346.33645,550.31416,55.031416
04-start-1952,7,F07_LL.AU.3,yes,LEN,1,140,0.2115028676,0.012247183,0.1992556846,424.04305,693.38996,69.338996
04-start-1952,7,F07_LL.AU.3,yes,LEN,1,145,0.5068720273,0.04436845,0.4625035773,496.00795,787.54853,78.754853
04-start-1952,7,F07_LL.AU.3,yes,LEN,1,150,0.6151169263,0.13184264,0.4832742863,550.14525,844.282897,84.4282897
04-start-1952,7,F07_LL.AU.3,yes,LEN,1,155,0.3837333301,0.37002564,0.0137076901,609.35111,955.666697,95.5666697
04-start-1952,7,F07_LL.AU.3,yes,LEN,1,160,0.750103859,0.8755266,-0.125422741,685.0563,1118.441797,111.8441797
04-start-1952,7,F07_LL.AU.3,yes,LEN,1,165,1.0274142165,1.6995378,-0.6721235835,756.89725,1164.033297,116.4033297
04-start-1952,7,F07_LL.AU.3,yes,LEN,1,170,1.6428194956,2.5194272,-0.8766077044,762.50447,1172.336677,117.2336677
04-start-1952,7,F07_LL.AU.3,yes,LEN,1,175,2.3401569167,4.6579205,-2.3177635833,818.44798,1288.426427,128.8426427
04-start-1952,7,F07_LL.AU.3,yes,LEN,1,180,3.5117569716,5.4955393,-1.9837823284,822.18937,1298.198227,129.8198227
04-start-1952,7,F07_LL.AU.3,yes,LEN,1,185,4.929978352,6.216795,-1.286816648,822.18937,1298.198227,129.8198227
04-start-1952,7,F07_LL.AU.3,yes,LEN,1,190,5.815922582,6.4486,-0.632677417999998,822.18937,1298.198227,129.8198227
04-start-1952,7,F07_LL.AU.3,yes,LEN,1,195,5.7805083624,5.860564,-0.080055637600001,822.18937,1298.198227,129.8198227
04-start-1952,7,F07_LL.AU.3,yes,LEN,1,200,5.1385741119,4.0408059,1.0977682119,814.87661,1282.224727,128.2224727
04-start-1952,7,F07_LL.AU.3,yes,LEN,1,205,4.3929932121,2.4790347,1.9139585121,788.89687,1255.090627,125.5090627
04-start-1952,7,F07_LL.AU.3,yes,LEN,1,210,2.3819187357,1.6737349,0.7081838357,764.24157,1244.91581,124.491581
04-start-1952,7,F07_LL.AU.3,yes,LEN,1,215,1.218219725,0.9585432,0.259676525,643.73722,1135.62131,113.562131
04-start-1952,7,F07_LL.AU.3,yes,LEN,1,220,1.1556883614,0.40215373,0.7535346314,484.9191,956.49371,95.649371
04-start-1952,7,F07_LL.AU.3,yes,LEN,1,225,0.2476850835,0.07199232,0.1756927635,224.5529,521.79748,52.179748
04-start-1952,7,F07_LL.AU.3,yes,LEN,1,230,0.1304118727,0.02023338,0.1101784927,157.92252,386.73098,38.673098
04-start-1952,7,F07_LL.AU.3,yes,LEN,1,115,0.0213648266,0.0010054936,0.020359333,228.08007,428.1048,42.81048
04-start-1952,7,F07_LL.AU.3,yes,LEN,1,20,0.0399362,9.95917e-05,0.0398366083,17.2371,22.4476,2.24476
04-start-1952,7,F07_LL.AU.3,yes,LEN,1,25,9.95917e-05,9.95917e-05,0,17.2371,22.4476,2.24476
04-start-1952,7,F07_LL.AU.3,yes,LEN,1,30,9.95917e-05,9.95917e-05,0,17.2371,22.4476,2.24476
04-start-1952,7,F07_LL.AU.3,yes,LEN,1,35,9.95917e-05,9.95917e-05,0,17.2371,22.4476,2.24476
04-start-1952,7,F07_LL.AU.3,yes,LEN,1,40,9.95917e-05,9.95917e-05,0,17.2371,22.4476,2.24476
04-start-1952,7,F07_LL.AU.3,yes,LEN,1,45,9.95917e-05,9.95917e-05,0,17.2371,22.4476,2.24476
04-start-1952,7,F07_LL.AU.3,yes,LEN,1,50,9.95917e-05,9.95917e-05,0,17.2371,22.4476,2.24476
04-start-1952,7,F07_LL.AU.3,yes,LEN,1,55,9.95917e-05,9.95917e-05,0,17.2371,22.4476,2.24476
04-start-1952,7,F07_LL.AU.3,yes,LEN,1,60,9.95917e-05,9.95917e-05,0,17.2371,22.4476,2.24476
04-start-1952,7,F07_LL.AU.3,yes,LEN,1,65,9.95917e-05,9.95917e-05,0,17.2371,22.4476,2.24476
04-start-1952,7,F07_LL.AU.3,yes,LEN,1,70,9.95917e-05,9.95917e-05,0,17.2371,22.4476,2.24476
04-start-1952,7,F07_LL.AU.3,yes,LEN,1,75,9.95917e-05,9.95917e-05,0,17.2371,22.4476,2.24476
04-start-1952,7,F07_LL.AU.3,yes,LEN,1,80,9.95917e-05,9.95917e-05,0,17.2371,22.4476,2.24476
04-start-1952,7,F07_LL.AU.3,yes,LEN,1,85,9.95917e-05,9.95917e-05,0,17.2371,22.4476,2.24476
04-start-1952,7,F07_LL.AU.3,yes,LEN,1,90,0.0832999917,0.0001993125,0.0831006792,25.94633,32.4991,3.24991
04-start-1952,7,F07_LL.AU.3,yes,LEN,1,95,0.0834495125,0.0002990999,0.0831504126,31.85667,43.6332,4.36332
04-start-1952,7,F07_LL.AU.3,yes,LEN,1,100,0.000299093,0.0002990954,-2.40000000000526e-09,31.85667,43.6332,4.36332
04-start-1952,7,F07_LL.AU.3,yes,LEN,1,105,0.161832393,0.0007980074,0.1610343856,175.61387,349.1313,34.91313
04-start-1952,7,F07_LL.AU.3,yes,LEN,1,110,0.0494358054,0.0008988091,0.0485369963,199.93827,379.1048,37.91048
04-start-1952,7,F07_LL.AU.3,yes,LEN,1,235,0.0728591615,0.002940634,0.0699185275,98.76382,247.40568,24.740568
04-start-1952,7,F07_LL.AU.3,yes,LEN,1,240,0.0305357615,0.00079742,0.0297383415,59.45352,95.40568,9.540568
04-start-1952,7,F07_LL.AU.3,yes,LEN,1,245,0.000299242,0.000409149,-0.000109907,59.45352,95.40568,9.540568
04-start-1952,7,F07_LL.AU.3,yes,LEN,1,250,0.000299242,0.000319325,-2.00829999999999e-05,59.45352,95.40568,9.540568
04-start-1952,7,F07_LL.AU.3,yes,LEN,1,255,0.000299242,0.000302275,-3.033e-06,59.45352,95.40568,9.540568
04-start-1952,7,F07_LL.AU.3,yes,LEN,1,260,0.000299242,0.00029962,-3.77999999999989e-07,59.45352,95.40568,9.540568
04-start-1952,7,F07_LL.AU.3,yes,LEN,1,265,0.000299242,0.0002992809,-3.88999999999837e-08,59.45352,95.40568,9.540568
04-start-1952,7,F07_LL.AU.3,yes,LEN,1,270,0.1111774516,0.0002992453,0.1108782063,59.45352,95.40568,9.540568
04-start-1952,7,F07_LL.AU.3,yes,LEN,1,275,0.0001994516,0.0001994518,-2.00000000013991e-10,53.8463,87.1023,8.71023
04-start-1952,7,F07_LL.AU.3,yes,LEN,1,280,0.0304359711,0.0001994516,0.0302365195,53.8463,87.1023,8.71023
04-start-1952,7,F07_LL.AU.3,yes,LEN,1,285,9.96711e-05,9.96711e-05,0,42.8057,55,5.5
04-start-1952,7,F07_LL.AU.3,yes,LEN,1,290,9.96711e-05,9.96711e-05,0,42.8057,55,5.5
04-start-1952,7,F07_LL.AU.3,yes,LEN,1,295,9.96711e-05,9.96711e-05,0,42.8057,55,5.5
04-start-1952,7,F07_LL.AU.3,yes,LEN,1,300,0.0209516,9.96711e-05,0.0208519289,42.8057,55,5.5
04-start-1952,8,F08_LL.NZ.3,yes,LEN,1,150,0.0476571,0.016437,0.0312201,10.9826,20.4811,2.04811
04-start-1952,8,F08_LL.NZ.3,yes,LEN,1,155,9.98702e-05,0.0218349,-0.0217350298,10.9826,20.4811,2.04811
04-start-1952,8,F08_LL.NZ.3,yes,LEN,1,160,0.0952143,0.0323763,0.062838,10.9826,20.4811,2.04811
04-start-1952,8,F08_LL.NZ.3,yes,LEN,1,165,0.0952143,0.0395155,0.0556988,10.9826,20.4811,2.04811
04-start-1952,8,F08_LL.NZ.3,yes,LEN,1,170,0.0476571,0.0494359,-0.0017788,10.9826,20.4811,2.04811
04-start-1952,8,F08_LL.NZ.3,yes,LEN,1,175,0.0476571,0.0742799,-0.0266228,10.9826,20.4811,2.04811
04-start-1952,8,F08_LL.NZ.3,yes,LEN,1,180,0.333,0.114267,0.218733,10.9826,20.4811,2.04811
04-start-1952,8,F08_LL.NZ.3,yes,LEN,1,185,0.0952143,0.149445,-0.0542307,10.9826,20.4811,2.04811
04-start-1952,8,F08_LL.NZ.3,yes,LEN,1,190,0.0476571,0.157521,-0.1098639,10.9826,20.4811,2.04811
04-start-1952,8,F08_LL.NZ.3,yes,LEN,1,195,0.0476571,0.133199,-0.0855419,10.9826,20.4811,2.04811
04-start-1952,8,F08_LL.NZ.3,yes,LEN,1,200,0.0476571,0.0863882,-0.0387311,10.9826,20.4811,2.04811
04-start-1952,8,F08_LL.NZ.3,yes,LEN,1,205,0.0476571,0.0531209,-0.0054638,10.9826,20.4811,2.04811
04-start-1952,8,F08_LL.NZ.3,yes,LEN,1,210,0.0476571,0.0721793,-0.0245222,10.9826,20.4811,2.04811
04-start-1952,10,F10_REC.NZ.3,yes,LEN,1,185,1.346219764,1.3311677,0.0150520639999998,1078.125519,1157,115.7
04-start-1952,10,F10_REC.NZ.3,yes,LEN,1,190,2.1643518442,2.0054821,0.1588697442,1078.125519,1157,115.7
04-start-1952,10,F10_REC.NZ.3,yes,LEN,1,195,2.3091197541,2.795943,-0.4868232459,1078.125519,1157,115.7
04-start-1952,10,F10_REC.NZ.3,yes,LEN,1,200,2.5975389342,3.289893,-0.692354065800001,1078.125519,1157,115.7
04-start-1952,10,F10_REC.NZ.3,yes,LEN,1,205,2.3545019441,3.243182,-0.8886800559,1078.125519,1157,115.7
04-start-1952,10,F10_REC.NZ.3,yes,LEN,1,210,2.062988164,2.647678,-0.584689836,1078.125519,1157,115.7
04-start-1952,10,F10_REC.NZ.3,yes,LEN,1,215,2.6643137901,2.0497283,0.614585490100001,1078.125519,1157,115.7
04-start-1952,10,F10_REC.NZ.3,yes,LEN,1,220,1.1629888741,0.9386812,0.2243076741,992.288519,1091,109.1
04-start-1952,10,F10_REC.NZ.3,yes,LEN,1,165,0.1351238947,0.06149173,0.0736321647,390.607109,443,44.3
04-start-1952,10,F10_REC.NZ.3,yes,LEN,1,170,0.6683259043,0.14576487,0.5225610343,637.647249,762,76.2
04-start-1952,10,F10_REC.NZ.3,yes,LEN,1,175,0.6060885347,0.3253813,0.2807072347,890.428719,974,97.4
04-start-1952,10,F10_REC.NZ.3,yes,LEN,1,180,0.9072631043,0.6476852,0.2595779043,1001.652419,1125,112.5
04-start-1952,10,F10_REC.NZ.3,yes,LEN,1,225,0.4360563441,0.310792,0.1252643441,943.971479,1021,102.1
04-start-1952,10,F10_REC.NZ.3,yes,LEN,1,230,0.3472346341,0.12539125,0.2218433841,901.062479,996,99.6
04-start-1952,10,F10_REC.NZ.3,yes,LEN,1,235,0.0797072449,0.02342412,0.0562831249,533.487109,503,50.3
04-start-1952,10,F10_REC.NZ.3,yes,LEN,1,160,0.0107977947,0.02498738,-0.0141895853,106.362609,317,31.7
04-start-1952,10,F10_REC.NZ.3,yes,LEN,1,240,0.0779954241,0.00527136,0.0727240641,459.793409,356,35.6
04-start-1952,10,F10_REC.NZ.3,yes,LEN,1,155,0.0123279544,0.0157439,-0.0034159456,81.990709,221,22.1
04-start-1952,10,F10_REC.NZ.3,yes,LEN,1,20,9.93739e-05,9.9374e-05,-1.00000000006996e-10,0.912709,1,0.1
04-start-1952,10,F10_REC.NZ.3,yes,LEN,1,25,9.93739e-05,9.9374e-05,-1.00000000006996e-10,0.912709,1,0.1
04-start-1952,10,F10_REC.NZ.3,yes,LEN,1,30,9.93739e-05,9.93742e-05,-3.00000000007434e-10,0.912709,1,0.1
04-start-1952,10,F10_REC.NZ.3,yes,LEN,1,35,9.93739e-05,9.93747e-05,-8.00000000001754e-10,0.912709,1,0.1
04-start-1952,10,F10_REC.NZ.3,yes,LEN,1,40,9.93739e-05,9.93759e-05,-2.00000000000439e-09,0.912709,1,0.1
04-start-1952,10,F10_REC.NZ.3,yes,LEN,1,45,9.93739e-05,9.93781e-05,-4.20000000000921e-09,0.912709,1,0.1
04-start-1952,10,F10_REC.NZ.3,yes,LEN,1,50,9.93739e-05,9.93805e-05,-6.60000000000092e-09,0.912709,1,0.1
04-start-1952,10,F10_REC.NZ.3,yes,LEN,1,55,9.93739e-05,9.93822e-05,-8.30000000001142e-09,0.912709,1,0.1
04-start-1952,10,F10_REC.NZ.3,yes,LEN,1,60,9.93739e-05,9.9382e-05,-8.10000000001099e-09,0.912709,1,0.1
04-start-1952,10,F10_REC.NZ.3,yes,LEN,1,65,9.93739e-05,9.93801e-05,-6.20000000000004e-09,0.912709,1,0.1
04-start-1952,10,F10_REC.NZ.3,yes,LEN,1,70,9.93739e-05,9.93776e-05,-3.70000000000134e-09,0.912709,1,0.1
04-start-1952,10,F10_REC.NZ.3,yes,LEN,1,75,9.93739e-05,9.93756e-05,-1.7000000000105e-09,0.912709,1,0.1
04-start-1952,10,F10_REC.NZ.3,yes,LEN,1,80,9.93739e-05,9.93746e-05,-7.00000000008311e-10,0.912709,1,0.1
04-start-1952,10,F10_REC.NZ.3,yes,LEN,1,85,9.93739e-05,9.93741e-05,-2.00000000000439e-10,0.912709,1,0.1
04-start-1952,10,F10_REC.NZ.3,yes,LEN,1,90,9.93739e-05,9.9374e-05,-1.00000000006996e-10,0.912709,1,0.1
04-start-1952,10,F10_REC.NZ.3,yes,LEN,1,95,9.93739e-05,9.9374e-05,-1.00000000006996e-10,0.912709,1,0.1
04-start-1952,10,F10_REC.NZ.3,yes,LEN,1,100,9.93739e-05,9.9374e-05,-1.00000000006996e-10,0.912709,1,0.1
04-start-1952,10,F10_REC.NZ.3,yes,LEN,1,105,9.93739e-05,9.93748e-05,-9.0000000000875e-10,0.912709,1,0.1
04-start-1952,10,F10_REC.NZ.3,yes,LEN,1,110,9.93739e-05,9.9384e-05,-1.01000000000018e-08,0.912709,1,0.1
04-start-1952,10,F10_REC.NZ.3,yes,LEN,1,115,9.93739e-05,9.94729e-05,-9.90000000000002e-08,0.912709,1,0.1
04-start-1952,10,F10_REC.NZ.3,yes,LEN,1,120,9.93739e-05,0.00010015,-7.76100000000001e-07,0.912709,1,0.1
04-start-1952,10,F10_REC.NZ.3,yes,LEN,1,125,9.93739e-05,0.00010425,-4.87610000000001e-06,0.912709,1,0.1
04-start-1952,10,F10_REC.NZ.3,yes,LEN,1,130,9.93739e-05,0.000123885,-2.45111e-05,0.912709,1,0.1
04-start-1952,10,F10_REC.NZ.3,yes,LEN,1,135,0.0186769739,0.000471703,0.0182052709,45.965709,55,5.5
04-start-1952,10,F10_REC.NZ.3,yes,LEN,1,140,0.0001991544,0.000945659,-0.0007465046,45.965709,55,5.5
04-start-1952,10,F10_REC.NZ.3,yes,LEN,1,145,0.0186769739,0.002126113,0.0165508609,45.965709,55,5.5
04-start-1952,10,F10_REC.NZ.3,yes,LEN,1,150,0.0001991544,0.00419055,-0.0039913956,45.965709,55,5.5
04-start-1952,10,F10_REC.NZ.3,yes,LEN,1,245,0.0153280739,0.000560004,0.0147680699,52.501009,67,6.7
04-start-1952,10,F10_REC.NZ.3,yes,LEN,1,250,9.93739e-05,0.000110948,-1.15741e-05,0.912709,1,0.1
04-start-1952,10,F10_REC.NZ.3,yes,LEN,1,255,9.93739e-05,0.000101001,-1.62710000000001e-06,0.912709,1,0.1
04-start-1952,10,F10_REC.NZ.3,yes,LEN,1,260,9.93739e-05,9.95647e-05,-1.90800000000012e-07,0.912709,1,0.1
04-start-1952,10,F10_REC.NZ.3,yes,LEN,1,265,9.93739e-05,9.93925e-05,-1.86000000000001e-08,0.912709,1,0.1
04-start-1952,10,F10_REC.NZ.3,yes,LEN,1,270,9.93739e-05,9.93754e-05,-1.50000000001007e-09,0.912709,1,0.1
04-start-1952,10,F10_REC.NZ.3,yes,LEN,1,275,9.93739e-05,9.9374e-05,-1.00000000006996e-10,0.912709,1,0.1
04-start-1952,10,F10_REC.NZ.3,yes,LEN,1,280,9.93739e-05,9.93739e-05,0,0.912709,1,0.1
04-start-1952,10,F10_REC.NZ.3,yes,LEN,1,285,9.93739e-05,9.93739e-05,0,0.912709,1,0.1
04-start-1952,10,F10_REC.NZ.3,yes,LEN,1,290,9.93739e-05,9.93739e-05,0,0.912709,1,0.1
04-start-1952,10,F10_REC.NZ.3,yes,LEN,1,295,9.93739e-05,9.93739e-05,0,0.912709,1,0.1
04-start-1952,10,F10_REC.NZ.3,yes,LEN,1,300,9.93739e-05,9.93739e-05,0,0.912709,1,0.1
04-start-1952,10,F10_REC.NZ.3,yes,LEN,1,305,9.93739e-05,9.93739e-05,0,0.912709,1,0.1
04-start-1952,10,F10_REC.NZ.3,yes,LEN,1,310,9.93739e-05,9.93739e-05,0,0.912709,1,0.1
04-start-1952,10,F10_REC.NZ.3,yes,LEN,1,315,9.93739e-05,9.93739e-05,0,0.912709,1,0.1
04-start-1952,10,F10_REC.NZ.3,yes,LEN,1,320,9.93739e-05,9.93739e-05,0,0.912709,1,0.1
04-start-1952,10,F10_REC.NZ.3,yes,LEN,1,325,9.93739e-05,9.93739e-05,0,0.912709,1,0.1
04-start-1952,10,F10_REC.NZ.3,yes,LEN,1,330,9.93739e-05,9.93739e-05,0,0.912709,1,0.1
04-start-1952,11,F11_LL.ALL.1,yes,LEN,1,100,0.686676356,0.0933495291,0.5933268269,857.68128,1850.94033,115.6838172
04-start-1952,11,F11_LL.ALL.1,yes,LEN,1,105,0.6438044295,0.16446069,0.4793437395,1044.412295,2641.742519,165.109009
04-start-1952,11,F11_LL.ALL.1,yes,LEN,1,110,0.8683338822,0.267199582,0.6011343002,1365.264865,3347.014026,209.18841594
04-start-1952,11,F11_LL.ALL.1,yes,LEN,1,115,0.7882488017,0.459000412,0.329248389700001,1861.542865,4363.602126,272.72523164
04-start-1952,11,F11_LL.ALL.1,yes,LEN,1,120,0.66748206,0.64125584,0.0262262199999997,1954.261465,4651.769326,290.73568164
04-start-1952,11,F11_LL.ALL.1,yes,LEN,1,125,1.598175819,1.01812434,0.580051479,2151.547815,5113.260339,319.57890674
04-start-1952,11,F11_LL.ALL.1,yes,LEN,1,130,2.0652459497,1.641919248,0.4233267017,2436.191115,5885.019679,367.81381564
04-start-1952,11,F11_LL.ALL.1,yes,LEN,1,135,2.4526167711,2.12099852,0.331618251100001,2518.220095,6220.260648,388.7663391
04-start-1952,11,F11_LL.ALL.1,yes,LEN,1,140,3.9205699454,2.91702566,1.0035442854,2587.216005,6640.875035,415.0547558
04-start-1952,11,F11_LL.ALL.1,yes,LEN,1,145,4.8092815527,3.90652102,0.902760532699996,2616.315705,6777.162635,423.5727258
04-start-1952,11,F11_LL.ALL.1,yes,LEN,1,150,5.2161905017,5.1311965,0.0849940017000002,2616.315705,6777.162635,423.5727258
04-start-1952,11,F11_LL.ALL.1,yes,LEN,1,155,6.0948584518,5.669523,0.425335451800001,2620.68304,6778.968976,423.685622
04-start-1952,11,F11_LL.ALL.1,yes,LEN,1,160,6.5384783063,6.0465773,0.491901006299998,2620.68304,6778.968976,423.685622
04-start-1952,11,F11_LL.ALL.1,yes,LEN,1,165,6.8365802524,6.7581185,0.0784617523999982,2620.68304,6778.968976,423.685622
04-start-1952,11,F11_LL.ALL.1,yes,LEN,1,170,7.1556374423,7.6122576,-0.456620157700002,2620.68304,6778.968976,423.685622
04-start-1952,11,F11_LL.ALL.1,yes,LEN,1,175,6.844999262,7.5378164,-0.692817138,2617.58266,6778.382714,423.6489806
04-start-1952,11,F11_LL.ALL.1,yes,LEN,1,180,5.2416343459,7.4304897,-2.1888553541,2612.73881,6775.644184,423.4778226
04-start-1952,11,F11_LL.ALL.1,yes,LEN,1,185,4.412421867,5.5265549,-1.114133033,2590.99614,6699.400897,418.7126159
04-start-1952,11,F11_LL.ALL.1,yes,LEN,1,190,3.6752824968,5.5729034,-1.8976209032,2583.3072,6662.886797,416.4304859
04-start-1952,11,F11_LL.ALL.1,yes,LEN,1,195,2.7711473472,4.4802188,-1.7090714528,2541.62435,6622.127332,413.8830222
04-start-1952,11,F11_LL.ALL.1,yes,LEN,1,200,2.3050209986,3.7666631,-1.4616421014,2474.19485,6496.112162,406.0070766
04-start-1952,11,F11_LL.ALL.1,yes,LEN,1,205,1.6409166319,2.2713696,-0.630452968100001,2260.61955,5859.169795,366.19813354
04-start-1952,11,F11_LL.ALL.1,yes,LEN,1,210,1.6978505704,1.4970343,0.2008162704,2161.06545,5589.568305,349.34802954
04-start-1952,11,F11_LL.ALL.1,yes,LEN,1,215,1.3915515778,0.81447489,0.577076687799999,1993.86868,5292.303508,330.7690166
04-start-1952,11,F11_LL.ALL.1,yes,LEN,1,220,0.8617416958,0.3591329,0.5026087958,1703.82666,4689.491164,293.0932161
04-start-1952,11,F11_LL.ALL.1,yes,LEN,1,225,0.6021906757,0.15191934,0.4502713357,1443.77306,4388.417194,274.2760901
04-start-1952,11,F11_LL.ALL.1,yes,LEN,1,230,0.2898322268,0.040524223,0.2493080038,985.86209,3115.08679,194.6929834
04-start-1952,11,F11_LL.ALL.1,yes,LEN,1,235,0.1412351645,0.010676053,0.1305591115,612.70779,1730.86599,108.1791934
04-start-1952,11,F11_LL.ALL.1,yes,LEN,1,240,0.211738307,0.002602617,0.20913569,338.65019,958.24709,59.8904534
04-start-1952,11,F11_LL.ALL.1,yes,LEN,1,75,0.0542238621,0.0004515513,0.0537723108,113.5008,247.24814,15.45299
04-start-1952,11,F11_LL.ALL.1,yes,LEN,1,80,0.0854494621,0.0010070973,0.0844423648,141.54066,296.96284,18.560163
04-start-1952,11,F11_LL.ALL.1,yes,LEN,1,85,0.2047346936,0.0060216667,0.1987130269,266.45221,537.69802,33.606111
04-start-1952,11,F11_LL.ALL.1,yes,LEN,1,90,0.3326645641,0.0195060586,0.3131585055,380.22301,830.19082,51.886911
04-start-1952,11,F11_LL.ALL.1,yes,LEN,1,95,0.5668309554,0.0594565063,0.5073744491,714.39941,1787.33172,111.708275
04-start-1952,11,F11_LL.ALL.1,yes,LEN,1,245,0.1244749916,0.001122226,0.1233527656,276.10376,867.9881,54.249264
04-start-1952,11,F11_LL.ALL.1,yes,LEN,1,250,0.0773582835,0.000732319,0.0766259645,180.74336,746.7911,46.674444
04-start-1952,11,F11_LL.ALL.1,yes,LEN,1,255,0.0291197627,0.0003008988,0.0288188639,77.27976,277.9122,17.369514
04-start-1952,11,F11_LL.ALL.1,yes,LEN,1,260,0.0001992627,0.0001993747,-1.12000000000029e-07,32.05946,185.1015,11.568844
04-start-1952,11,F11_LL.ALL.1,yes,LEN,1,265,0.0227564115,0.000199275,0.0225571365,32.05946,185.1015,11.568844
04-start-1952,11,F11_LL.ALL.1,yes,LEN,1,45,0.0177566,9.97009e-05,0.0176568991,12.4477,24.3906,1.52441
04-start-1952,11,F11_LL.ALL.1,yes,LEN,1,50,9.97009e-05,9.97009e-05,0,12.4477,24.3906,1.52441
04-start-1952,11,F11_LL.ALL.1,yes,LEN,1,55,9.97009e-05,9.97009e-05,0,12.4477,24.3906,1.52441
04-start-1952,11,F11_LL.ALL.1,yes,LEN,1,60,9.97009e-05,9.97009e-05,0,12.4477,24.3906,1.52441
04-start-1952,11,F11_LL.ALL.1,yes,LEN,1,65,0.0187988009,0.0001993622,0.0185994387,69.636,203.2036,12.70021
04-start-1952,11,F11_LL.ALL.1,yes,LEN,1,70,0.0230964621,0.0003032372,0.0227932249,87.3682,243.7059,15.2316
04-start-1952,11,F11_LL.ALL.1,yes,LEN,1,270,9.96115e-05,9.96118e-05,-2.99999999993882e-10,7.58566,12.2615,0.766344
04-start-1952,11,F11_LL.ALL.1,yes,LEN,1,275,0.0123845,9.96115e-05,0.0122848885,7.58566,12.2615,0.766344
04-start-1952,12,F12_LL.ALL.2,yes,LEN,1,145,2.6394939449,3.80377597,-1.1642820251,3972.52916,12653.88867,372.1734615
04-start-1952,12,F12_LL.ALL.2,yes,LEN,1,150,3.7325078057,5.03765757,-1.3051497643,4035.62026,12965.63567,381.3425065
04-start-1952,12,F12_LL.ALL.2,yes,LEN,1,155,5.2131556818,5.9218821,-0.7087264182,4079.10916,13545.23427,398.3895465
04-start-1952,12,F12_LL.ALL.2,yes,LEN,1,160,6.8113217926,7.9223506,-1.1110288074,4109.44221,14834.99467,436.3236815
04-start-1952,12,F12_LL.ALL.2,yes,LEN,1,165,9.3366938816,8.0094891,1.32720478160001,4109.44221,14834.99467,436.3236815
04-start-1952,12,F12_LL.ALL.2,yes,LEN,1,170,11.2812321813,8.9524398,2.3287923813,4109.44221,14834.99467,436.3236815
04-start-1952,12,F12_LL.ALL.2,yes,LEN,1,175,10.5477788415,9.6075497,0.940229141499993,4109.44221,14834.99467,436.3236815
04-start-1952,12,F12_LL.ALL.2,yes,LEN,1,180,10.4469607419,9.8893268,0.557633941899992,4109.44221,14834.99467,436.3236815
04-start-1952,12,F12_LL.ALL.2,yes,LEN,1,185,10.4882214502,9.7443655,0.743855950200004,4109.44221,14834.99467,436.3236815
04-start-1952,12,F12_LL.ALL.2,yes,LEN,1,190,8.5028634645,9.430539,-0.927675535499992,4109.44221,14834.99467,436.3236815
04-start-1952,12,F12_LL.ALL.2,yes,LEN,1,195,6.4848430231,8.7007665,-2.2159234769,4106.60549,14819.07467,435.8554455
04-start-1952,12,F12_LL.ALL.2,yes,LEN,1,200,4.0663371281,7.0446488,-2.9783116719,4040.98915,14693.33023,432.1570721
04-start-1952,12,F12_LL.ALL.2,yes,LEN,1,205,2.6150462228,4.7693229,-2.1542766772,3758.91135,13868.34663,407.8928201
04-start-1952,12,F12_LL.ALL.2,yes,LEN,1,210,1.5797325473,2.8908496,-1.3111170527,3427.56315,12986.33236,381.9511761
04-start-1952,12,F12_LL.ALL.2,yes,LEN,1,215,0.9531007597,1.5648086,-0.611707840300001,3062.83098,10830.37847,318.5407639
04-start-1952,12,F12_LL.ALL.2,yes,LEN,1,220,0.7785760839,0.69864091,0.0799351739000002,2632.97271,8472.95567,249.2047539
04-start-1952,12,F12_LL.ALL.2,yes,LEN,1,140,2.7400605467,2.64996989,0.0900906566999993,3900.78666,12320.3083,362.3622555
04-start-1952,12,F12_LL.ALL.2,yes,LEN,1,130,2.1458595222,1.329835485,0.816024037200001,3536.69555,10765.50363,316.632699
04-start-1952,12,F12_LL.ALL.2,yes,LEN,1,135,2.2019376763,2.03883982,0.163097856299999,3785.58975,11823.79135,347.7588439
04-start-1952,12,F12_LL.ALL.2,yes,LEN,1,225,0.4933206766,0.21769541,0.2756252666,2012.05313,6446.91672,189.6153199
04-start-1952,12,F12_LL.ALL.2,yes,LEN,1,230,0.3777279927,0.05656079,0.3211672027,1206.0924,3830.3123,112.656302
04-start-1952,12,F12_LL.ALL.2,yes,LEN,1,90,0.5857951522,0.0266541754,0.5591409768,1138.15245,4061.09138,119.443978
04-start-1952,12,F12_LL.ALL.2,yes,LEN,1,95,0.356353772,0.0558927248,0.3004610472,1336.66295,4475.85168,131.642828
04-start-1952,12,F12_LL.ALL.2,yes,LEN,1,100,0.8194413796,0.1018840007,0.7175573789,1593.01035,5198.54023,152.898409
04-start-1952,12,F12_LL.ALL.2,yes,LEN,1,105,0.7356859866,0.191767562,0.5439184246,2159.34075,6961.82963,204.759877
04-start-1952,12,F12_LL.ALL.2,yes,LEN,1,110,1.2097359162,0.262675753,0.9470601632,2476.27005,8009.82653,235.583328
04-start-1952,12,F12_LL.ALL.2,yes,LEN,1,115,1.0960970209,0.444856485,0.651240535900001,3026.87185,9288.49493,273.191258
04-start-1952,12,F12_LL.ALL.2,yes,LEN,1,120,1.102170548,0.655640451,0.446530097000001,3125.77175,9352.59433,275.076536
04-start-1952,12,F12_LL.ALL.2,yes,LEN,1,125,1.4239238318,0.933375805,0.490548026800001,3407.29295,10244.43143,301.307076
04-start-1952,12,F12_LL.ALL.2,yes,LEN,1,65,0.0952335536,0.0009734827,0.0942600709,158.4213,443.2881,13.037906
04-start-1952,12,F12_LL.ALL.2,yes,LEN,1,70,0.1155623951,0.0012042748,0.1143581203,350.4886,1471.0718,43.266876
04-start-1952,12,F12_LL.ALL.2,yes,LEN,1,75,0.2661368544,0.0016930601,0.2644437943,512.5335,1894.5246,55.721386
04-start-1952,12,F12_LL.ALL.2,yes,LEN,1,80,0.4353086967,0.0047668439,0.4305418528,870.5109,3159.7066,92.932656
04-start-1952,12,F12_LL.ALL.2,yes,LEN,1,85,0.4016544046,0.010380592,0.3912738126,1013.6617,3370.2849,99.126136
04-start-1952,12,F12_LL.ALL.2,yes,LEN,1,235,0.0543249983,0.013325025,0.0409999733,879.3933,2616.0215,76.94185
04-start-1952,12,F12_LL.ALL.2,yes,LEN,1,240,0.1359357139,0.004643527,0.1312921869,765.0973,2023.5445,59.51608
04-start-1952,12,F12_LL.ALL.2,yes,LEN,1,245,0.1455630493,0.001694819,0.1438682303,539.8861,1469.0948,43.20871
04-start-1952,12,F12_LL.ALL.2,yes,LEN,1,250,0.03605516,0.001155272,0.034899888,360.8893,881.9568,25.93993
04-start-1952,12,F12_LL.ALL.2,yes,LEN,1,255,0.0555945187,0.001004207,0.0545903117,340.0026,815.6389,23.9894
04-start-1952,12,F12_LL.ALL.2,yes,LEN,1,260,0.0809575857,0.0008975145,0.0800600712,318.1676,762.2521,22.4192
04-start-1952,12,F12_LL.ALL.2,yes,LEN,1,265,0.0658819755,0.0007971099,0.0650848656,290.588,707.9398,20.82178
04-start-1952,12,F12_LL.ALL.2,yes,LEN,1,270,0.0914946743,0.0004980217,0.0909966526,194.5369,393.7571,11.5811
04-start-1952,12,F12_LL.ALL.2,yes,LEN,1,60,0.0430962214,0.0003672626,0.0427289588,57.784,226.3582,6.65761
04-start-1952,12,F12_LL.ALL.2,yes,LEN,1,275,0.0185370743,0.0002986562,0.0182384181,103.3115,241.6693,7.10792
04-start-1952,12,F12_LL.ALL.2,yes,LEN,1,280,0.0185369743,0.0002986561,0.0182383182,103.3115,241.6693,7.10792
04-start-1952,12,F12_LL.ALL.2,yes,LEN,1,285,0.0001990743,0.0001990743,0,58.2747,175.9422,5.17477
04-start-1952,12,F12_LL.ALL.2,yes,LEN,1,290,0.0001990743,0.0001990743,0,58.2747,175.9422,5.17477
04-start-1952,12,F12_LL.ALL.2,yes,LEN,1,295,0.0001990743,0.0001990743,0,58.2747,175.9422,5.17477
04-start-1952,12,F12_LL.ALL.2,yes,LEN,1,300,0.0363095421,0.0001990743,0.0361104678,58.2747,175.9422,5.17477
04-start-1952,12,F12_LL.ALL.2,yes,LEN,1,35,0.0132469,0.000101493,0.013145407,20.7601,34.923,1.02715
04-start-1952,12,F12_LL.ALL.2,yes,LEN,1,40,9.96214e-05,0.000103745,-4.1236e-06,20.7601,34.923,1.02715
04-start-1952,12,F12_LL.ALL.2,yes,LEN,1,45,0.0526887,0.000108785,0.052579915,20.7601,34.923,1.02715
04-start-1952,12,F12_LL.ALL.2,yes,LEN,1,50,9.96214e-05,0.000115144,-1.55226e-05,20.7601,34.923,1.02715
04-start-1952,12,F12_LL.ALL.2,yes,LEN,1,55,0.0112175214,0.0002193576,0.0109981638,32.1825,152.762,4.49301
04-start-1952,12,F12_LL.ALL.2,yes,LEN,1,305,9.95421e-05,9.95421e-05,0,31.7402,106.593,3.13509
04-start-1952,12,F12_LL.ALL.2,yes,LEN,1,310,0.0149482,9.95421e-05,0.0148486579,31.7402,106.593,3.13509
04-start-1952,12,F12_LL.ALL.2,yes,LEN,1,315,0.0149482,9.95421e-05,0.0148486579,31.7402,106.593,3.13509
04-start-1952,12,F12_LL.ALL.2,yes,LEN,1,320,9.95421e-05,9.95421e-05,0,31.7402,106.593,3.13509
04-start-1952,12,F12_LL.ALL.2,yes,LEN,1,325,0.0297969,9.95421e-05,0.0296973579,31.7402,106.593,3.13509
04-start-1952,13,F13_LL.ALL.3,yes,LEN,1,160,0.0968161,0.0266107,0.0702054,0.477385,14.57,1.457
04-start-1952,13,F13_LL.ALL.3,yes,LEN,1,165,0.2630227,0.0742425,0.1887802,10.214185,22.34666,2.234666
04-start-1952,13,F13_LL.ALL.3,yes,LEN,1,170,0.508549,0.0992517,0.4092973,10.214185,22.34666,2.234666
04-start-1952,13,F13_LL.ALL.3,yes,LEN,1,175,0.3225869201,0.156399,0.1661879201,10.214185,22.34666,2.234666
04-start-1952,13,F13_LL.ALL.3,yes,LEN,1,180,0.359739,0.2135884,0.1461506,10.214185,22.34666,2.234666
04-start-1952,13,F13_LL.ALL.3,yes,LEN,1,185,0.0646773201,0.935434,-0.8707566799,10.214185,22.34666,2.234666
04-start-1952,13,F13_LL.ALL.3,yes,LEN,1,190,0.153823,0.130949,0.022874,9.7368,7.77666,0.777666
04-start-1952,13,F13_LL.ALL.3,yes,LEN,1,195,0.0769615,0.118648,-0.0416865,9.7368,7.77666,0.777666
04-start-1952,13,F13_LL.ALL.3,yes,LEN,1,200,0.153823,0.244878,-0.091055,9.7368,7.77666,0.777666
04-start-1952,14,F14_LL.ALL.4,yes,LEN,1,85,0.1222675711,0.0003020294,0.1219655417,31.93187,58.53951,5.853951
04-start-1952,14,F14_LL.ALL.4,yes,LEN,1,90,0.000299252,0.0003215262,-2.22742e-05,31.93187,58.53951,5.853951
04-start-1952,14,F14_LL.ALL.4,yes,LEN,1,95,0.083549452,0.002859241,0.080690211,38.60468,69.97211,6.997211
04-start-1952,14,F14_LL.ALL.4,yes,LEN,1,100,0.100774152,0.003761461,0.097012691,44.15107,70.119936,7.0119936
04-start-1952,14,F14_LL.ALL.4,yes,LEN,1,105,0.3042422424,0.012040123,0.2922021194,132.07,135.530026,13.5530026
04-start-1952,14,F14_LL.ALL.4,yes,LEN,1,110,0.2737770142,0.04899892,0.2247780942,211.8315,192.396816,19.2396816
04-start-1952,14,F14_LL.ALL.4,yes,LEN,1,115,0.361044005,0.108403816,0.252640189,239.39931,202.982076,20.2982076
04-start-1952,14,F14_LL.ALL.4,yes,LEN,1,120,0.403721467,0.256658603,0.147062864,341.26087,278.937696,27.8937696
04-start-1952,14,F14_LL.ALL.4,yes,LEN,1,125,0.8833171756,0.296048102,0.5872690736,345.33666,284.836006,28.4836006
04-start-1952,14,F14_LL.ALL.4,yes,LEN,1,130,0.384568537,0.463956792,-0.0793882549999999,420.80366,340.172006,34.0172006
04-start-1952,14,F14_LL.ALL.4,yes,LEN,1,135,0.8296494453,0.60997553,0.2196739153,450.47939,407.331983,40.7331983
04-start-1952,14,F14_LL.ALL.4,yes,LEN,1,140,1.2300966543,1.22393796,0.00615869430000005,507.17889,462.098513,46.2098513
04-start-1952,14,F14_LL.ALL.4,yes,LEN,1,145,1.4292942148,1.64647149,-0.2171772752,534.77984,484.896953,48.4896953
04-start-1952,14,F14_LL.ALL.4,yes,LEN,1,150,1.8862908245,2.6038341,-0.7175432755,682.58215,592.335353,59.2335353
04-start-1952,14,F14_LL.ALL.4,yes,LEN,1,155,2.8969356441,3.1496076,-0.252671955899999,769.00407,637.072783,63.7072783
04-start-1952,14,F14_LL.ALL.4,yes,LEN,1,160,4.5832009413,4.1153993,0.4678016413,799.11822,653.207663,65.3207663
04-start-1952,14,F14_LL.ALL.4,yes,LEN,1,165,4.3209025632,4.830015,-0.5091124368,819.39713,678.118503,67.8118503
04-start-1952,14,F14_LL.ALL.4,yes,LEN,1,170,4.8072920421,4.8380766,-0.0307845578999997,819.39713,678.118503,67.8118503
04-start-1952,14,F14_LL.ALL.4,yes,LEN,1,175,4.874964572,5.6686785,-0.793713928,819.39713,678.118503,67.8118503
04-start-1952,14,F14_LL.ALL.4,yes,LEN,1,180,4.4695621324,6.0033819,-1.5338197676,817.14518,662.184203,66.2184203
04-start-1952,14,F14_LL.ALL.4,yes,LEN,1,185,4.5927456615,4.5706781,0.0220675615000019,804.3752,653.708996,65.3708996
04-start-1952,14,F14_LL.ALL.4,yes,LEN,1,190,2.5672361933,2.8668513,-0.2996151067,796.48655,647.625546,64.7625546
04-start-1952,14,F14_LL.ALL.4,yes,LEN,1,195,2.1528688038,2.3282128,-0.1753439962,789.46483,641.887976,64.1887976
04-start-1952,14,F14_LL.ALL.4,yes,LEN,1,200,2.3487587139,1.913266,0.4354927139,747.66531,616.090456,61.6090456
04-start-1952,14,F14_LL.ALL.4,yes,LEN,1,205,0.8251849171,1.1493538,-0.3241688829,673.12638,534.87692,53.487692
04-start-1952,14,F14_LL.ALL.4,yes,LEN,1,210,0.871225664,0.75977152,0.111454144,606.07763,469.41297,46.941297
04-start-1952,14,F14_LL.ALL.4,yes,LEN,1,215,0.7430470539,0.3383337,0.4047133539,444.91422,342.25432,34.225432
04-start-1952,14,F14_LL.ALL.4,yes,LEN,1,220,0.2525677738,0.11552248,0.1370452938,362.37192,303.10675,30.310675
04-start-1952,14,F14_LL.ALL.4,yes,LEN,1,225,0.2680111041,0.05276211,0.2152489941,339.83572,278.72375,27.872375
04-start-1952,14,F14_LL.ALL.4,yes,LEN,1,230,0.2026439232,0.014889104,0.1877548192,259.13659,175.07065,17.507065
04-start-1952,14,F14_LL.ALL.4,yes,LEN,1,235,0.2175441622,0.004484928,0.2130592342,113.28239,81.2099,8.12099
04-start-1952,14,F14_LL.ALL.4,yes,LEN,1,240,0.3090569805,0.001131432,0.3079255485,58.86579,53.78063,5.378063
04-start-1952,14,F14_LL.ALL.4,yes,LEN,1,245,0.1177053614,0.000503962,0.1172013994,43.27979,38.91413,3.891413
04-start-1952,14,F14_LL.ALL.4,yes,LEN,1,250,0.1530498805,0.000312806,0.1527370745,32.42009,35.76694,3.576694
04-start-1952,14,F14_LL.ALL.4,yes,LEN,1,255,0.0320708805,0.000200708,0.0318701725,25.73507,28.77047,2.877047
04-start-1952,14,F14_LL.ALL.4,yes,LEN,1,50,0.0283548,9.96711e-05,0.0282551289,19.9598,39.5071,3.95071
04-start-1952,14,F14_LL.ALL.4,yes,LEN,1,55,9.96711e-05,9.96711e-05,0,19.9598,39.5071,3.95071
04-start-1952,14,F14_LL.ALL.4,yes,LEN,1,60,9.96711e-05,9.96711e-05,0,19.9598,39.5071,3.95071
04-start-1952,14,F14_LL.ALL.4,yes,LEN,1,65,9.96711e-05,9.96711e-05,0,19.9598,39.5071,3.95071
04-start-1952,14,F14_LL.ALL.4,yes,LEN,1,70,9.96711e-05,9.96722e-05,-1.10000000000919e-09,19.9598,39.5071,3.95071
04-start-1952,14,F14_LL.ALL.4,yes,LEN,1,75,9.96711e-05,9.96906e-05,-1.95000000000089e-08,19.9598,39.5071,3.95071
04-start-1952,14,F14_LL.ALL.4,yes,LEN,1,80,9.96711e-05,9.99367e-05,-2.656e-07,19.9598,39.5071,3.95071
04-start-1952,14,F14_LL.ALL.4,yes,LEN,1,260,9.97805e-05,9.98117e-05,-3.12000000000007e-08,6.07647,3.80277,0.380277
04-start-1952,14,F14_LL.ALL.4,yes,LEN,1,265,9.97805e-05,9.97836e-05,-3.10000000000002e-09,6.07647,3.80277,0.380277
04-start-1952,14,F14_LL.ALL.4,yes,LEN,1,270,0.0713716,9.97808e-05,0.0712718192,6.07647,3.80277,0.380277
04-start-1952,15,S01_INDEX.1-4,yes,LEN,1,125,0.2121235212,0.2483557,-0.0362321788,456.99655,116.246283,7.7497465
04-start-1952,15,S01_INDEX.1-4,yes,LEN,1,130,0.2873526013,0.4024527,-0.1151000987,516.44274,128.5712,8.571408
04-start-1952,15,S01_INDEX.1-4,yes,LEN,1,135,0.4994283213,0.7151996,-0.2157712787,546.83444,131.764853,8.78431794
04-start-1952,15,S01_INDEX.1-4,yes,LEN,1,140,0.571305201,0.5316591,0.0396461009999999,595.13824,139.761393,9.31742094
04-start-1952,15,S01_INDEX.1-4,yes,LEN,1,145,0.8690190816,0.4272526,0.4417664816,597.42867,139.968187,9.33120724
04-start-1952,15,S01_INDEX.1-4,yes,LEN,1,150,1.3532140613,0.57581981,0.7773942513,654.25119,177.227724,11.81518004
04-start-1952,15,S01_INDEX.1-4,yes,LEN,1,155,1.4339623812,0.29364144,1.1403209412,654.25119,177.227724,11.81518004
04-start-1952,15,S01_INDEX.1-4,yes,LEN,1,160,1.9232367805,0.5653937,1.3578430805,654.25119,177.227724,11.81518004
04-start-1952,15,S01_INDEX.1-4,yes,LEN,1,165,2.2722784901,1.072744,1.1995344901,654.25119,177.227724,11.81518004
04-start-1952,15,S01_INDEX.1-4,yes,LEN,1,170,2.2749661901,1.6903618,0.5846043901,654.25119,177.227724,11.81518004
04-start-1952,15,S01_INDEX.1-4,yes,LEN,1,175,2.56868356,2.1842157,0.38446786,654.25119,177.227724,11.81518004
04-start-1952,15,S01_INDEX.1-4,yes,LEN,1,180,1.9420539101,2.3815904,-0.4395364899,654.25119,177.227724,11.81518004
04-start-1952,15,S01_INDEX.1-4,yes,LEN,1,185,1.6764837702,3.4216111,-1.7451273298,654.25119,177.227724,11.81518004
04-start-1952,15,S01_INDEX.1-4,yes,LEN,1,190,1.3425379705,1.8799927,-0.5374547295,638.54547,176.715156,11.7810088
04-start-1952,15,S01_INDEX.1-4,yes,LEN,1,195,0.9245620914,2.0663001,-1.1417380086,638.54547,176.715156,11.7810088
04-start-1952,15,S01_INDEX.1-4,yes,LEN,1,200,0.7435240207,1.6787647,-0.9352406793,623.6038,166.030806,11.0687188
04-start-1952,15,S01_INDEX.1-4,yes,LEN,1,205,0.5644674702,1.2556208,-0.6911533298,609.24536,160.761939,10.7174613
04-start-1952,15,S01_INDEX.1-4,yes,LEN,1,210,0.2883840407,0.7433542,-0.4549701593,576.89026,156.155018,10.4103332
04-start-1952,15,S01_INDEX.1-4,yes,LEN,1,215,0.4042620607,0.4172134,-0.0129513393,572.11785,155.967701,10.3978454
04-start-1952,15,S01_INDEX.1-4,yes,LEN,1,220,0.2211381,0.2007006,0.0204375,498.96575,130.397461,8.6931624
04-start-1952,15,S01_INDEX.1-4,yes,LEN,1,120,0.0652483723,0.1006176,-0.0353692277,245.96365,87.923043,5.8615335
04-start-1952,15,S01_INDEX.1-4,yes,LEN,1,225,0.1497920107,0.08101712,0.0687748907,347.2164,121.54281,8.102852
04-start-1952,15,S01_INDEX.1-4,yes,LEN,1,230,0.06635235,0.01777419,0.04857816,255.8637,70.84223,4.722816
04-start-1952,15,S01_INDEX.1-4,yes,LEN,1,235,0.02739433,0.00300672,0.02438761,140.7258,32.01423,2.134279
04-start-1952,15,S01_INDEX.1-4,yes,LEN,1,105,0.0223684424,0.002693784,0.0196746584,95.33765,62.196377,4.1464218
04-start-1952,15,S01_INDEX.1-4,yes,LEN,1,110,0.0386888114,0.01078921,0.0278996014,112.91245,66.011747,4.4007798
04-start-1952,15,S01_INDEX.1-4,yes,LEN,1,115,0.0671933822,0.02924294,0.0379504422,112.91245,66.011747,4.4007798
04-start-1952,15,S01_INDEX.1-4,yes,LEN,1,240,0.0194330307,0.000735494,0.0186975367,86.4369,20.15363,1.343572
04-start-1952,15,S01_INDEX.1-4,yes,LEN,1,75,0.0160854,9.96917e-05,0.0159857083,27.1288,34.0751,2.27167
04-start-1952,15,S01_INDEX.1-4,yes,LEN,1,80,0.00969112,9.97023e-05,0.0095914177,27.1288,34.0751,2.27167
04-start-1952,15,S01_INDEX.1-4,yes,LEN,1,85,0.00729325,9.98407e-05,0.0071934093,27.1288,34.0751,2.27167
04-start-1952,15,S01_INDEX.1-4,yes,LEN,1,90,0.016862278,0.000202946,0.016659332,36.32995,38.87965,2.591973
04-start-1952,15,S01_INDEX.1-4,yes,LEN,1,95,0.016062991,0.000225909,0.015837082,36.32995,38.87965,2.591973
04-start-1952,15,S01_INDEX.1-4,yes,LEN,1,100,0.0832257615,0.000819414,0.0824063475,72.05825,56.656897,3.7771228
04-start-1952,15,S01_INDEX.1-4,yes,LEN,1,245,9.97307e-05,0.000125538,-2.58073e-05,62.7716,3.43593,0.229062
04-start-1952,15,S01_INDEX.1-4,yes,LEN,1,250,0.010611,0.000104267,0.010506733,62.7716,3.43593,0.229062
04-start-1952,15,S01_INDEX.1-4,yes,LEN,1,255,0.010611,0.00010048,0.01051052,62.7716,3.43593,0.229062
